text,true_emotion,predicted_emotion
@DJ_JeanFranko growl!!!,anger,anger
Just joined #pottermore and was sorted into HUFFLEPUFF 😡😡😡 ,anger,anger
For the first time in my madden career I just set up a farm account. Should make MOTM much easier,anger,joy
"@MaddenFreestyle i turn the game on wanting to play madden, and before i load up a game i just turn it off now.",anger,sadness
S/O to the girl that just hit my car...not only did she get lucky w/ no scratch but also from being spared the wrath of sleep deprived Kait🙃,anger,anger
@TrueAggieFan oh so that's where Brian was! Where was my invite? #offended,anger,anger
"I think our defense here at USC is playing well, we just need to fix a few things on offense and we can win the PAC 12 this year'",anger,joy
@IllinoisLoyalty that Rutgers game was an abomination. An affront to God and man. We must never speak of it again.,anger,sadness
"Kik to trade, have fun or a conversation  (kik: youraffair) #kik #kikme #messageme #textme #pics #trade #tradepics #dm #snap #bored",anger,joy
I hope my hustle don't offend nobody,anger,joy
Sorry guys I have absolutely no idea what time i'll be on cam tomorrow but will keep you posted. #fuming,anger,anger
"Me being on my dean really saving a lot of ppl, bc I don't snap nomore &amp; it take so much out of me..",anger,sadness
i live and die for mchanzo honeymoon crashing and burning the second they move in together,anger,sadness
@DailyMirror i love how theres no outrage that it's a white man but if it was a black man them BLM would be all over it regardless of reason,anger,anger
@ZubairSabirPTI  pls dont insult the word 'Molna',anger,anger
Having a baby born too soon is #lifechanging 6 years on and it feels like only yesterday #sad #happy  #emotionalrollercoaster,anger,sadness
@LeonWobYP b***er off. NCFC is a grudge match :),anger,anger
"I miss my gran singing Rawhide, in her deep baritone growl.",anger,sadness
"@LaureEve I am sitting here wrapped in a fluffy blanket, with incense burning, listening to Bon Iver and drinking mulled wine. I'm there.",anger,joy
"Just watched Django Unchained, Other people may frown, but I titter in delight! 2/5",anger,joy
@All4 is the android app it designed to be buggy and work sporadically on a fire TV box? ,fear,anger
Northampton are awful 🙈,fear,sadness
"@madhav_pastey moral of the story, never check mails in the night. PS. Most notices have nothing much to worry about. @ashwinikn",fear,fear
I know this is going to be one of those nights where it takes an Act of God to fall asleep. ,fear,fear
I don't want speak front to him #afraid #intimidate #nopanicattack,fear,fear
You want  bad service use #frontier they have #terrible service. Go to #AT&amp;T anybody is better. I am going to complain to better business,fear,anger
I want to be a woman who #overcomes obstacles by tackling them in #faith instead of tiptoeing around them in #fear. Renee Swope,fear,joy
"@soozclifford Sure have... Sydney are too tough, too quick and their 'team' pressure is too much for the Cats to handle. Motlop/Cowan ",fear,anger
"They'll be yo friend, shake your hand, then kick in yo door thas the way the game go🤖🤐.",fear,fear
Okay. Brace yourself. I will attempt my first loaf of bread in the morning. I will use a dutch oven. I will make the dough now. #nervous,fear,fear
About 7 weeks till I can pick up my camera again. Though I think there is a group cemetery shoot in october I can make! #photography #horror,fear,joy
@CesarSampao @thisisbolton don't get me started on town centre. Used to go every week.... not been for 18 months ,fear,sadness
On @Varneyco/@FoxBusiness to talk latest on #Chelsea Bombing + #Ahmad_Khan_Rahami's trips to #Afghanistan/#Pakistan #tcot ,fear,fear
If my concerns &amp; anxiety don't matter to you then I shall return the favor. #EyeMatter,fear,anger
"@stephenfhayes Mustard gas = hostile work environment, not #terrorism; call #OSHA not #military",fear,anger
Whatt a trailerrrr !!! @karanjohar @AnushkaSharma #RanbirKapoor #AishwaryaRaiBachchan i am COMPLETELY BLOWN !! #awestruck #longingformore,fear,joy
@TheDappaMc also £2.50 for a chocolate Feast ice lolly.. proper shocking 😩,fear,sadness
Southend players always haunt Man U,fear,anger
"Honestly, there are some awful people on the internet... smh...",fear,sadness
Staff on @ryainair FR1005. Asked for info and told to look online. You get what you pay for. #Ryanair @STN_Airport #Compensation ,fear,anger
@tomderivan73 😁...I'll just people watch and enjoy a rare show of optimism,joy,joy
Heather that was #hilarious! @MsHeatherBates @pattonoswalt @chrishansen #AnthonyWeiner #15gets20 #NYC,joy,joy
So far ours greet have raised £250 for @HGatChristmas with more to come in #sparkling @CllrJohnFox @simoncotton69,joy,joy
"@theclobra lol I thought maybe, couldn't decide if there was levity or not",joy,sadness
@Bridget_Jones was joyous. Worried I would be disappointed. Most definitely was not. #chickflick #giggles #comethefuckonbridget,joy,joy
"I'm absolutely in love with Laurie Hernandez, she's so adorable and is always so cheerful!",joy,joy
@Communism_Kills i get the subway melt and make sure it's only hearty italian bread... black olives are a must though,joy,joy
@Gronnhair @buryprofs @DittoBistro it was indeed lovely and the team were incredibly attentive and on the ball. Cheese was a lively gesture!,joy,joy
"TheNiceBot: IndyMN I thought the holidays could not get any more cheerful, and then I met you. #TheNiceBot #الخفجي",joy,joy
Nawaz Sharif is getting more funnier than @kapilsharmak9 day by day. #laughter #challenge #kashmir #baloch,joy,joy
"If you don't respond to an email within 7 fays, you wifl be killed by an animated gif of the girl from The Ring.",joy,fear
"It's #HobbitDay! \nHobbit's give gifts on their birthdays, so I'm sharing the gift of #glee today! Find something that makes you happy!",joy,joy
@GigaFag @pipertownsend_ snapchat new would beg to differ #optimism,joy,joy
"@Geminiak @LondonNPC you're welcome! #wordgeek \nAlso, good to put a face to the twitter feed, even if it was only a cheery hello! 😀",joy,joy
[Moment of levity on the B41] Baby: I want ISIS! Give me ISIS!\nMom: Shh!\nBaby: I want ISIS!\nWest Indian woman: She wants what?\nMom: *Ices*.,joy,joy
i was so embarrassed when she saw us i was like knvfkkjg she thinks we're stalkers n then she starts waving all cheerfully inviting us in 😩,joy,sadness
@HunterDean_ [he gives a gleeful squeak and wraps around you] All mine!,joy,joy
Chris would take full responsibility and would want us all to rejoice in the memories we all had with him.,joy,joy
Val reminds me of one of the cheerful witches that looks after Aurora in Disney’s Sleeping Beauty. #GBBO,joy,joy
"@diehimbeertonis She developed her 'forced smile'. I can force myself to describe it 'a little hearty maybe, sanki biraz':)",joy,joy
you are on an endless journey of figuring yourself out; don't be discouraged when you don't know who you are yet.,sadness,joy
"MC: what are you listen to these days?\nBogum: these days I feel gloomy, I listen to ccm (spiritual song) often.\n\nChurch oppa mode. :)",sadness,sadness
@kayleighmcenany  @DonaldJTrumpJr Is that really all you can offer for those who sacrifice daily to keep you safe...? @kayleighmcenany ,sadness,anger
Season 3 and Charlie is still a prick! #lost,sadness,anger
"[ @HedgehogDylan ] *she would frown a bit, folding her arms* 'why is it that every time I'm in need of assistance someone expects a lil **",sadness,anger
"Stars, when you shine,\nYou know how I feel.\nScent of the pine, \nYou know how I feel.\nFreedom is mine,\nI know how I feel.\nI'm feelin' good.",sadness,joy
"@Eeevah14 don't I know it, try not to fret my sweet little pupper",sadness,fear
SOBRIETY®   trying to make being sober fashionable….can it be done ? #zeroalcohol #soberoctober #clubsoda #nomorehangovers #sober,sadness,joy
"I'd rather laugh with the rarest genius, in beautiful alliance with his own being, where he kept his sadness. #melancholy",sadness,sadness
Remembering those day when u still did'nt know kpop n thinking about how sad your life was without it - Kpop fan,sadness,joy
"We are about a little over an hour away! We will arrive soon, do not fret!",sadness,joy
On bedrest since I got out of the hospital. U find in unopened beer.. what do I do. Pour that shit out! No alcohol at all for me #sober,sadness,anger
If Angelina Jolie can't keep a man no one can. Today we mourn because Love is dead,sadness,sadness
It feel like we lost a family member🙄😂,sadness,joy
"@StaceyDavidson_ You're a thief and a liberal mope, investigated by the financial services board for theft of govt retirement funds. THIEF",sadness,anger
My life went from happy to unhappy..,sadness,sadness
Public products: high downhearted price tag consumer survey sum and substance: OVth,sadness,sadness
@Barcabhoy1 Of course not. Didn't sink his studs into a knee like Forrester,sadness,anger
If you #invest in my new #film I will stop asking you to invest in my new film. #concessions #crime #despair #shortsightedness #celebrities,sadness,anger
This shit hurting my heart 😪 that's how serious it is .,sadness,sadness
